{"cameraMode":{"drawMode":0,"name":"Shaded","section":"Shading Mode"},"sceneLighting":true,"audioPlay":false,"sceneViewState":{"showFog":true,"showMaterialUpdate":false,"showSkybox":true,"showFlares":true,"showImageEffects":true,"showParticleSystems":true},"in2DMode":false,"pivot":{"x":-0.5395784378051758,"y":0.08083915710449219,"z":0.5285181999206543},"rotation":{"x":-0.09408559650182724,"y":0.8840724229812622,"z":-0.20263062417507173,"w":-0.4104933440685272},"size":10.0,"orthographic":false}