{"cameraMode":{"drawMode":0,"name":"Shaded","section":"Shading Mode"},"sceneLighting":true,"audioPlay":false,"sceneViewState":{"showFog":true,"showMaterialUpdate":false,"showSkybox":true,"showFlares":true,"showImageEffects":true,"showParticleSystems":true},"in2DMode":false,"pivot":{"x":42.04417419433594,"y":1.1162827014923096,"z":-0.41705358028411868},"rotation":{"x":-0.16504594683647157,"y":0.21181648969650269,"z":-0.036318544298410419,"w":-0.9625874757766724},"size":6.549407482147217,"orthographic":false}