{"cameraMode":{"drawMode":0,"name":"Shaded","section":"Shading Mode"},"sceneLighting":false,"audioPlay":false,"sceneViewState":{"showFog":true,"showMaterialUpdate":false,"showSkybox":true,"showFlares":true,"showImageEffects":true,"showParticleSystems":true},"in2DMode":false,"pivot":{"x":0.47516772150993349,"y":1.0942258834838868,"z":0.0033887922763824465},"rotation":{"x":0.12294106930494309,"y":0.030060051009058954,"z":-0.0037252081092447044,"w":0.9919516444206238},"size":3.570561647415161,"orthographic":false}