{"cameraMode":{"drawMode":0,"name":"Shaded","section":"Shading Mode"},"sceneLighting":false,"audioPlay":false,"sceneViewState":{"showFog":true,"showMaterialUpdate":false,"showSkybox":true,"showFlares":true,"showImageEffects":true,"showParticleSystems":true},"in2DMode":false,"pivot":{"x":11.476901054382325,"y":1.4263074398040772,"z":1.455241084098816},"rotation":{"x":0.08922342211008072,"y":-0.9080573320388794,"z":0.25014811754226687,"w":0.3238779902458191},"size":12.274407386779786,"orthographic":false}