{"cameraMode":{"drawMode":0,"name":"Shaded","section":"Shading Mode"},"sceneLighting":false,"audioPlay":false,"sceneViewState":{"showFog":true,"showMaterialUpdate":false,"showSkybox":true,"showFlares":true,"showImageEffects":true,"showParticleSystems":true},"in2DMode":false,"pivot":{"x":0.47516772150993349,"y":1.0942258834838868,"z":0.0033887922763824465},"rotation":{"x":-0.1909007728099823,"y":0.04768269136548042,"z":-0.009284522384405136,"w":-0.9804065823554993},"size":3.570561647415161,"orthographic":false}