{"cameraMode":{"drawMode":0,"name":"Shaded","section":"Shading Mode"},"sceneLighting":false,"audioPlay":false,"sceneViewState":{"showFog":true,"showMaterialUpdate":false,"showSkybox":true,"showFlares":true,"showImageEffects":true,"showParticleSystems":true},"in2DMode":false,"pivot":{"x":42.04417419433594,"y":1.0901823043823243,"z":-0.41705358028411868},"rotation":{"x":-0.1909007728099823,"y":0.04768269136548042,"z":-0.009284522384405136,"w":-0.9804065823554993},"size":10.324407577514649,"orthographic":false}