{"cameraMode":{"drawMode":0,"name":"Shaded","section":"Shading Mode"},"sceneLighting":true,"audioPlay":false,"sceneViewState":{"showFog":true,"showMaterialUpdate":false,"showSkybox":true,"showFlares":true,"showImageEffects":true,"showParticleSystems":true},"in2DMode":false,"pivot":{"x":0.4719799757003784,"y":1.0897700786590577,"z":-0.002804189920425415},"rotation":{"x":-0.18882180750370027,"y":0.22660021483898164,"z":-0.044828686863183978,"w":-0.9544575214385986},"size":3.534332513809204,"orthographic":false}