{"cameraMode":{"drawMode":0,"name":"Shaded","section":"Shading Mode"},"sceneLighting":false,"audioPlay":false,"sceneViewState":{"showFog":true,"showMaterialUpdate":false,"showSkybox":true,"showFlares":true,"showImageEffects":true,"showParticleSystems":true},"in2DMode":false,"pivot":{"x":2.017509698867798,"y":0.39215511083602908,"z":0.9541424512863159},"rotation":{"x":0.03171422332525253,"y":-0.15499606728553773,"z":0.004985666833817959,"w":0.9873933792114258},"size":5.673654079437256,"orthographic":false}