{"cameraMode":{"drawMode":0,"name":"Shaded","section":"Shading Mode"},"sceneLighting":false,"audioPlay":false,"sceneViewState":{"showFog":true,"showMaterialUpdate":false,"showSkybox":true,"showFlares":true,"showImageEffects":true,"showParticleSystems":true},"in2DMode":false,"pivot":{"x":-5.656876087188721,"y":4.436853408813477,"z":-0.1405024528503418},"rotation":{"x":-0.06388579308986664,"y":0.13341723382472993,"z":-0.008618314750492573,"w":-0.9889611601829529},"size":34.01898193359375,"orthographic":false}