{"cameraMode":{"drawMode":0,"name":"Shaded","section":"Shading Mode"},"sceneLighting":false,"audioPlay":false,"sceneViewState":{"showFog":true,"showMaterialUpdate":false,"showSkybox":true,"showFlares":true,"showImageEffects":true,"showParticleSystems":true},"in2DMode":false,"pivot":{"x":42.04417419433594,"y":1.0901823043823243,"z":-0.41705358028411868},"rotation":{"x":-0.06388579308986664,"y":0.13341723382472993,"z":-0.008618314750492573,"w":-0.9889611601829529},"size":10.324407577514649,"orthographic":false}