{"cameraMode":{"drawMode":0,"name":"Shaded","section":"Shading Mode"},"sceneLighting":false,"audioPlay":false,"sceneViewState":{"showFog":true,"showMaterialUpdate":false,"showSkybox":true,"showFlares":true,"showImageEffects":true,"showParticleSystems":true},"in2DMode":false,"pivot":{"x":-9.60977840423584,"y":0.7966835498809815,"z":-0.7878158092498779},"rotation":{"x":-0.028072252869606019,"y":-0.09701186418533325,"z":0.002737773349508643,"w":-0.9948835372924805},"size":3.8867225646972658,"orthographic":false}