{"cameraMode":{"drawMode":0,"name":"Shaded","section":"Shading Mode"},"sceneLighting":false,"audioPlay":false,"sceneViewState":{"showFog":true,"showMaterialUpdate":false,"showSkybox":true,"showFlares":true,"showImageEffects":true,"showParticleSystems":true},"in2DMode":false,"pivot":{"x":-32.05295181274414,"y":0.9316399097442627,"z":-0.4291464686393738},"rotation":{"x":0.09593002498149872,"y":-0.10402543842792511,"z":0.01008852943778038,"w":0.9898860454559326},"size":6.3413848876953129,"orthographic":false}