{"cameraMode":{"drawMode":0,"name":"Shaded","section":"Shading Mode"},"sceneLighting":false,"audioPlay":false,"sceneViewState":{"showFog":true,"showMaterialUpdate":false,"showSkybox":true,"showFlares":true,"showImageEffects":true,"showParticleSystems":true},"in2DMode":false,"pivot":{"x":-9.039999961853028,"y":1.9015374183654786,"z":0.0},"rotation":{"x":0.04559044539928436,"y":0.011982216499745846,"z":-0.0005373702733777463,"w":0.9988881945610046},"size":13.553053855895996,"orthographic":false}