{"cameraMode":{"drawMode":0,"name":"Shaded","section":"Shading Mode"},"sceneLighting":false,"audioPlay":false,"sceneViewState":{"showFog":true,"showMaterialUpdate":false,"showSkybox":true,"showFlares":true,"showImageEffects":true,"showParticleSystems":true},"in2DMode":false,"pivot":{"x":-29.654212951660158,"y":0.8110812306404114,"z":-0.0012126266956329346},"rotation":{"x":0.16439588367938996,"y":-0.1499919593334198,"z":0.02530849725008011,"w":0.974595308303833},"size":1.623367190361023,"orthographic":false}