{"cameraMode":{"drawMode":0,"name":"Shaded","section":"Shading Mode"},"sceneLighting":false,"audioPlay":false,"sceneViewState":{"showFog":true,"showMaterialUpdate":false,"showSkybox":true,"showFlares":true,"showImageEffects":true,"showParticleSystems":true},"in2DMode":false,"pivot":{"x":9.417037010192871,"y":0.7100000381469727,"z":-0.04000002145767212},"rotation":{"x":-0.06388579308986664,"y":0.13341723382472993,"z":-0.008618314750492573,"w":-0.9889611601829529},"size":3.6296682357788088,"orthographic":false}