{"cameraMode":{"drawMode":0,"name":"Shaded","section":"Shading Mode"},"sceneLighting":false,"audioPlay":false,"sceneViewState":{"showFog":true,"showMaterialUpdate":false,"showSkybox":true,"showFlares":true,"showImageEffects":true,"showParticleSystems":true},"in2DMode":false,"pivot":{"x":0.5580323934555054,"y":1.9388668537139893,"z":2.439298152923584},"rotation":{"x":0.4749755561351776,"y":-0.014523272402584553,"z":0.007839612662792206,"w":0.8798442482948303},"size":16.045116424560548,"orthographic":false}