{"cameraMode":{"drawMode":0,"name":"Shaded","section":"Shading Mode"},"sceneLighting":true,"audioPlay":false,"sceneViewState":{"showFog":true,"showMaterialUpdate":false,"showSkybox":true,"showFlares":true,"showImageEffects":true,"showParticleSystems":true},"in2DMode":false,"pivot":{"x":42.04417419433594,"y":1.1162827014923096,"z":-0.41705358028411868},"rotation":{"x":-0.10362330824136734,"y":-0.0008979286649264395,"z":0.00009333089110441506,"w":-0.9946162700653076},"size":4.257013320922852,"orthographic":false}